FIPS,symptoms,location,Country_Region,date,latitude,longitude,Confirmed,Deaths,Recovered,Active,Combined_Key,gender,timestamp,age_segment
45001,F/T/D/R,Agronomía,US,3/22/20 23:45,-34.67169987396014,-58.51756759353648,1,0,0,0,"Abbeville, South Carolina, US",M,3/15/20 23:45,70-80
22001,F/T/D/R,Almagro,US,3/22/20 23:45,-34.660278878633555,-58.47555240337288,0,0,0,0,"Acadia, Louisiana, US",M,3/16/20 23:45,70-80
51001,F/T/D/R,Balvanera,US,3/22/20 23:45,-34.75163434648754,-58.54483649191045,1,0,0,0,"Accomack, Virginia, US",M,3/17/20 23:45,70-80
16001,F/T/D/R,Barracas,US,3/22/20 23:45,-34.67644659522292,-58.41706763369438,11,0,0,0,"Ada, Idaho, US",M,3/18/20 23:45,70-80
19001,F/T/D/R,Belgrano,US,3/22/20 23:45,-34.636768619138735,-58.49163086369085,1,0,0,0,"Adair, Iowa, US",M,3/19/20 23:45,70-80
21001,F/T/D/R,Boedo,US,3/22/20 23:45,-34.65265132025061,-58.512076103704906,0,0,0,0,"Adair, Kentucky, US",M,3/20/20 23:45,70-80
29001,F/T/D/R,Boedo,US,3/22/20 23:45,-34.652902257216475,-58.51736075571835,1,0,0,0,"Adair, Missouri, US",M,3/15/20 23:45,70-80
40001,F/T/D/R,Boedo,US,3/22/20 23:45,-34.65790337538295,-58.325902663765994,0,0,0,0,"Adair, Oklahoma, US",M,3/16/20 23:45,70-80
8001,F/T/D/R,Boedo,US,3/22/20 23:45,-34.5885567442369,-58.41309097635783,18,0,0,0,"Adams, Colorado, US",M,3/17/20 23:45,70-80
16003,F/T/D/R,Boedo,US,3/22/20 23:45,-34.64202102338182,-58.446546990306814,0,0,0,0,"Adams, Idaho, US",M,3/18/20 23:45,70-80
17001,F/T/D/R,Boedo,US,3/22/20 23:45,-34.63031769351545,-58.44211333435124,1,0,0,0,"Adams, Illinois, US",M,3/19/20 23:45,70-80
18001,F/T/D/R,Boedo,US,3/22/20 23:45,-34.64387390536923,-58.52649823503661,1,0,0,0,"Adams, Indiana, US",M,3/20/20 23:45,70-80
19003,F/T/D/R,Boedo,US,3/22/20 23:45,-34.57542717590525,-58.51937379861754,0,0,0,0,"Adams, Iowa, US",M,3/15/20 23:45,70-80
28001,F/T/D/R,Boedo,US,3/22/20 23:45,-34.610156526619264,-58.525305691117175,1,0,0,0,"Adams, Mississippi, US",M,3/16/20 23:45,70-80
31001,F/T/D/R,Boedo,US,3/22/20 23:45,-34.66286546375741,-58.51731757037213,1,0,0,0,"Adams, Nebraska, US",M,3/17/20 23:45,70-80
38001,F/T/D/R,Boedo,US,3/22/20 23:45,-34.66286826530467,-58.45346396859121,0,0,0,0,"Adams, North Dakota, US",M,3/18/20 23:45,70-80
39001,F/T/D/R,Boedo,US,3/22/20 23:45,-34.58279098802155,-58.55825244460102,0,0,0,0,"Adams, Ohio, US",M,3/19/20 23:45,70-80
42001,F/T/D/R,Boedo,US,3/22/20 23:45,-34.586960512536635,-58.38313867414081,5,0,0,0,"Adams, Pennsylvania, US",M,3/25/20 23:45,70-80
53001,F/T/D,Boedo,US,3/22/20 23:45,-34.64484738315287,-58.336368994433165,0,0,0,0,"Adams, Washington, US",M,3/26/20 23:45,60-70
55001,F/T/D,Boedo,US,3/22/20 23:45,-34.72763559499529,-58.58350921733574,0,0,0,0,"Adams, Wisconsin, US",M,3/27/20 23:45,60-70
50001,F/T/D,Palermo,US,3/22/20 23:45,-34.711036050750266,-58.49596093546926,3,0,0,0,"Addison, Vermont, US",M,3/28/20 23:45,60-70
45003,F/T/D,Parque Avellaneda,US,3/22/20 23:45,-34.60249067142633,-58.490030670285655,1,0,0,0,"Aiken, South Carolina, US",M,3/29/20 23:45,60-70
27001,F/T/D,Parque Chacabuco,US,3/22/20 23:45,-34.645052550940235,-58.50112159951041,0,0,0,0,"Aitkin, Minnesota, US",M,3/30/20 23:45,60-70
12001,F/T/D,Parque Chacabuco,US,3/22/20 23:45,-34.56223926372842,-58.508399091146934,35,0,0,0,"Alachua, Florida, US",M,3/31/20 23:45,60-70
37001,F/T/D,Parque Chacabuco,US,3/22/20 23:45,-34.67958151606793,-58.370775865861994,2,0,0,0,"Alamance, North Carolina, US",M,4/1/20 23:45,60-70
6001,F/T/D,Parque Chacabuco,US,3/22/20 23:45,-34.7384327009891,-58.442879401909465,71,0,0,0,"Alameda, California, US",M,4/2/20 23:45,60-70
8003,F/T/D,Parque Chacabuco,US,3/22/20 23:45,-34.72777557176125,-58.443957303712565,0,0,0,0,"Alamosa, Colorado, US",M,3/25/20 23:45,60-70
36001,F/T/D,Parque Chacabuco,US,3/22/20 23:45,-34.64903185879671,-58.41144246525465,123,0,0,0,"Albany, New York, US",M,3/26/20 23:45,60-70
56001,F/T/D,Parque Chacabuco,US,3/22/20 23:45,-34.657120889136436,-58.40726182227852,0,0,0,0,"Albany, Wyoming, US",M,3/27/20 23:45,60-70
51003,F/T/D,Parque Chacabuco,US,3/22/20 23:45,-34.5945338557969,-58.37068179312958,2,0,0,0,"Albemarle, Virginia, US",M,3/28/20 23:45,60-70
26001,F/T/D,Parque Chacabuco,US,3/22/20 23:45,-34.64936535257431,-58.507690303676846,0,0,0,0,"Alcona, Michigan, US",M,3/29/20 23:45,60-70
28003,F/T/D,Parque Chacabuco,US,3/22/20 23:45,-34.66025270803194,-58.526391776774155,0,0,0,0,"Alcorn, Mississippi, US",M,3/30/20 23:45,60-70
2013,F/T/D,Parque Chacabuco,US,3/22/20 23:45,-34.62145834983985,-58.445981914927835,0,0,0,0,"Aleutians East, Alaska, US",M,3/31/20 23:45,60-70
2016,F/T/D,Parque Chacabuco,US,3/22/20 23:45,-34.66129508168478,-58.501213802241395,0,0,0,0,"Aleutians West, Alaska, US",M,4/1/20 23:45,60-70
17003,F/T/D,Parque Chacabuco,US,3/22/20 23:45,-34.73147586483171,-58.436335333930785,0,0,0,0,"Alexander, Illinois, US",M,4/2/20 23:45,60-70
37003,F/T/D,Parque Chacabuco,US,3/22/20 23:45,-34.64375431986979,-58.4853425999156,0,0,0,0,"Alexander, North Carolina, US",F,3/25/20 23:45,60-70
51510,F/T/D,Parque Chacabuco,US,3/22/20 23:45,-34.58885705427966,-58.50625580124226,5,0,0,0,"Alexandria, Virginia, US",F,3/26/20 23:45,60-70
40003,F/T/D,Coghlan,US,3/22/20 23:45,-34.73806234134581,-58.44272488898058,0,0,0,0,"Alfalfa, Oklahoma, US",F,3/27/20 23:45,60-70
26003,F/T/D,Colegiales,US,3/22/20 23:45,-34.66443228529297,-58.33060633540514,0,0,0,0,"Alger, Michigan, US",F,3/28/20 23:45,60-70
19005,F/T/D,Constitución,US,3/22/20 23:45,-34.54891803538479,-58.47040010181165,5,0,0,0,"Allamakee, Iowa, US",F,3/29/20 23:45,50-60
26005,F/T/D,Flores,US,3/22/20 23:45,-34.63103870430006,-58.53948213168583,1,0,0,0,"Allegan, Michigan, US",F,3/30/20 23:45,50-60
24001,F/T/D,Floresta,US,3/22/20 23:45,-34.63013961145711,-58.52580273980302,0,0,0,0,"Allegany, Maryland, US",F,3/31/20 23:45,50-60
36003,F/T/D,La Boca,US,3/22/20 23:45,-34.629596649507285,-58.54121386549083,2,0,0,0,"Allegany, New York, US",F,4/1/20 23:45,50-60
37005,F/T/D,La Paternal,US,3/22/20 23:45,-34.65655304652933,-58.47737946437751,0,0,0,0,"Alleghany, North Carolina, US",F,4/2/20 23:45,50-60
51005,F/T/D,Liniers,US,3/22/20 23:45,-34.60254926334253,-58.393594465164014,0,0,0,0,"Alleghany, Virginia, US",F,3/25/20 23:45,50-60
42003,F/T/D,Liniers,US,3/22/20 23:45,-34.70939645479447,-58.48393175018085,40,1,0,0,"Allegheny, Pennsylvania, US",F,3/26/20 23:45,50-60
18003,F/T/D,Liniers,US,3/22/20 23:45,-34.67164905562407,-58.40968555151459,4,0,0,0,"Allen, Indiana, US",F,3/27/20 23:45,50-60
20001,F/T/D,Liniers,US,3/22/20 23:45,-34.715210747588664,-58.51993914657802,0,0,0,0,"Allen, Kansas, US",F,3/28/20 23:45,50-60
21003,F/T/D,Liniers,US,3/22/20 23:45,-34.631172644896836,-58.49548607030161,0,0,0,0,"Allen, Kentucky, US",F,3/29/20 23:45,50-60
22003,F/T/D,Liniers,US,3/22/20 23:45,-34.689884246480176,-58.34813378515097,0,0,0,0,"Allen, Louisiana, US",F,3/30/20 23:45,50-60
39003,F/T/D,Liniers,US,3/22/20 23:45,-34.6688178490894,-58.64962333255276,0,0,0,0,"Allen, Ohio, US",F,3/31/20 23:45,50-60
45005,F/T/D,Liniers,US,3/22/20 23:45,-34.47113213594434,-58.48446430426202,0,0,0,0,"Allendale, South Carolina, US",F,4/1/20 23:45,50-60
26007,F/T/D,Liniers,US,3/22/20 23:45,-34.604485940362345,-58.36609431545789,0,0,0,0,"Alpena, Michigan, US",F,4/2/20 23:45,50-60
6003,F/T/D,Liniers,US,3/22/20 23:45,-34.54382332596888,-58.48692770775704,0,0,0,0,"Alpine, California, US",F,3/25/20 23:45,50-60
6005,F/T/D,Liniers,US,3/22/20 23:45,-34.50339963026773,-58.64934285020845,1,0,0,0,"Amador, California, US",F,3/26/20 23:45,40-50
51007,F/T/D,Recoleta,US,3/22/20 23:45,-34.63381738254742,-58.43182206721479,0,0,0,0,"Amelia, Virginia, US",F,3/27/20 23:45,40-50
51009,F/T/D,Recoleta,US,3/22/20 23:45,-34.56599709420989,-58.5202090145317,1,0,0,0,"Amherst, Virginia, US",F,3/28/20 23:45,40-50
28005,F/T/D,Recoleta,US,3/22/20 23:45,-34.747659850707336,-58.45678607817677,0,0,0,0,"Amite, Mississippi, US",F,3/29/20 23:45,40-50
2020,F/T/D,Recoleta,US,3/22/20 23:45,-34.78410814437788,-58.494559593307564,5,0,0,0,"Anchorage, Alaska, US",F,3/30/20 23:45,40-50
20003,F/T/D,Recoleta,US,3/22/20 23:45,-34.581879690642516,-58.639498525621505,0,0,0,0,"Anderson, Kansas, US",F,3/31/20 23:45,40-50
21005,F/T/D,Recoleta,US,3/22/20 23:45,-34.53003251463702,-58.60231871458536,1,1,0,0,"Anderson, Kentucky, US",F,4/1/20 23:45,40-50
45007,F/T/D,Recoleta,US,3/22/20 23:45,-34.590631785312006,-58.568312916904915,10,0,0,0,"Anderson, South Carolina, US",F,4/2/20 23:45,40-50
47001,F/T/D,Recoleta,US,3/22/20 23:45,-34.60896443578248,-58.50403759027734,1,0,0,0,"Anderson, Tennessee, US",F,3/25/20 23:45,40-50
48001,F/T/D,Recoleta,US,3/22/20 23:45,-34.63051027590639,-58.45895455826514,0,0,0,0,"Anderson, Texas, US",F,3/26/20 23:45,40-50
29003,F/T/D,Recoleta,US,3/22/20 23:45,-34.57820831246933,-58.515301919567214,0,0,0,0,"Andrew, Missouri, US",F,3/27/20 23:45,40-50
48003,F/T/D,Recoleta,US,3/22/20 23:45,-34.65381986012078,-58.37098637751671,0,0,0,0,"Andrews, Texas, US",F,3/28/20 23:45,40-50
23001,F/T/D,Recoleta,US,3/22/20 23:45,-34.617771395325406,-58.65198828514663,3,0,0,0,"Androscoggin, Maine, US",F,3/29/20 23:45,40-50
48005,F/T/D,Recoleta,US,3/22/20 23:45,-34.68724852279168,-58.63279398591919,0,0,0,0,"Angelina, Texas, US",F,3/30/20 23:45,40-50
24003,F/T/D,Recoleta,US,3/22/20 23:45,-34.62516204137506,-58.51465665269978,18,0,0,0,"Anne Arundel, Maryland, US",F,3/31/20 23:45,40-50
27003,F/T/D,Recoleta,US,3/22/20 23:45,-34.63393672856192,-58.589257780203724,5,0,0,0,"Anoka, Minnesota, US",F,4/1/20 23:45,40-50
37007,F/T/D,Recoleta,US,3/22/20 23:45,-34.75815780229147,-58.39874698592227,0,0,0,0,"Anson, North Carolina, US",F,4/2/20 23:45,40-50
31003,F/T/D,Recoleta,US,3/22/20 23:45,-34.59922442902806,-58.51573112435675,0,0,0,0,"Antelope, Nebraska, US",F,3/25/20 23:45,40-50
26009,F/T/D,Recoleta,US,3/22/20 23:45,-34.54186292059625,-58.492065848323016,0,0,0,0,"Antrim, Michigan, US",F,3/26/20 23:45,40-50
4001,F/T/D,Recoleta,US,3/22/20 23:45,-34.90484067808307,-58.57860644319224,3,0,0,0,"Apache, Arizona, US",F,3/27/20 23:45,40-50
19007,F/T/D,Recoleta,US,3/22/20 23:45,-34.57056221774089,-58.4356110207263,0,0,0,0,"Appanoose, Iowa, US",F,3/28/20 23:45,40-50
13001,F/T/D,Villa Urquiza,US,3/22/20 23:45,-34.54494128491134,-58.47148280032673,0,0,0,0,"Appling, Georgia, US",F,3/29/20 23:45,40-50
51011,F/T/D,Villa Urquiza,US,3/22/20 23:45,-34.58628560927494,-58.441481081080425,0,0,0,0,"Appomattox, Virginia, US",F,3/30/20 23:45,40-50
48007,F/T/D,Villa Urquiza,US,3/22/20 23:45,-34.6179074656742,-58.395045135217316,0,0,0,0,"Aransas, Texas, US",F,3/31/20 23:45,40-50
8005,F/T/D,Villa Urquiza,US,3/22/20 23:45,-34.59500349780349,-58.396763116898285,45,0,0,0,"Arapahoe, Colorado, US",F,4/1/20 23:45,40-50
48009,F/T/D,Villa Urquiza,US,3/22/20 23:45,-34.58586558041815,-58.39081483541979,0,0,0,0,"Archer, Texas, US",F,4/2/20 23:45,40-50
8007,F/T/D,Villa Urquiza,US,3/22/20 23:45,-34.584792831872676,-58.41347738932344,0,0,0,0,"Archuleta, Colorado, US",F,3/25/20 23:45,40-50
26011,F/T/D,Villa Urquiza,US,3/22/20 23:45,-34.60224511619475,-58.42679511907649,0,0,0,0,"Arenac, Michigan, US",F,3/26/20 23:45,40-50
5001,F/T/D,Villa Urquiza,US,3/22/20 23:45,-34.581534782449104,-58.409074924719455,0,0,0,0,"Arkansas, Arkansas, US",F,3/27/20 23:45,40-50
51013,F/T/D,Villa Urquiza,US,3/22/20 23:45,-34.60762172035192,-58.40872025167075,26,0,0,0,"Arlington, Virginia, US",F,3/28/20 23:45,40-50
42005,F/T,Villa Urquiza,US,3/22/20 23:45,-34.60130768508438,-58.454853360157266,0,0,0,0,"Armstrong, Pennsylvania, US",F,3/29/20 23:45,40-50
48011,F/T,Villa Urquiza,US,3/22/20 23:45,-34.586075623658516,-58.40454808256034,0,0,0,0,"Armstrong, Texas, US",F,3/30/20 23:45,40-50
23003,F/T,Villa Urquiza,US,3/22/20 23:45,-34.569948783089785,-58.43445237972432,0,0,0,0,"Aroostook, Maine, US",F,3/31/20 23:45,40-50
31005,F/T,Villa Urquiza,US,3/22/20 23:45,-34.59557425210597,-58.400212907480935,0,0,0,0,"Arthur, Nebraska, US",F,4/1/20 23:45,40-50
22005,F/T,Villa Urquiza,US,3/22/20 23:45,-34.564792823023815,-58.42115116043005,12,0,0,0,"Ascension, Louisiana, US",F,4/2/20 23:45,40-50
37009,F/T,Villa Urquiza,US,3/22/20 23:45,-34.56769602701805,-58.42045090157581,0,0,0,0,"Ashe, North Carolina, US",F,3/25/20 23:45,40-50
39005,F/T,Villa Urquiza,US,3/22/20 23:45,-34.567908930606755,-58.49352053949367,1,0,0,0,"Ashland, Ohio, US",F,3/26/20 23:45,40-50
55003,F/T,Villa Urquiza,US,3/22/20 23:45,-34.686316890310074,-58.427730726733806,0,0,0,0,"Ashland, Wisconsin, US",F,3/27/20 23:45,40-50
5003,F/T,Villa Urquiza,US,3/22/20 23:45,-34.8264692310729,-58.60194670045773,0,0,0,0,"Ashley, Arkansas, US",F,3/28/20 23:45,40-50
39007,F/T,Villa Urquiza,US,3/22/20 23:45,-34.58021425108364,-58.56616681237642,2,0,0,0,"Ashtabula, Ohio, US",F,3/29/20 23:45,40-50
53003,F/T,Villa Urquiza,US,3/22/20 23:45,-34.604126626666314,-58.52233116376102,0,0,0,0,"Asotin, Washington, US",F,3/30/20 23:45,40-50
22007,F/T,Villa Urquiza,US,3/22/20 23:45,-34.487022209856356,-58.55041356201753,1,0,0,0,"Assumption, Louisiana, US",F,3/31/20 23:45,40-50
48013,F/T,Villa Urquiza,US,3/22/20 23:45,-34.56817265007648,-58.63712810423368,2,0,0,0,"Atascosa, Texas, US",F,4/1/20 23:45,40-50
20005,F/T,Villa Urquiza,US,3/22/20 23:45,-34.596260547297355,-58.519264765265554,0,0,0,0,"Atchison, Kansas, US",F,4/2/20 23:45,40-50
29005,F/T,Villa Urquiza,US,3/22/20 23:45,-34.55831549370521,-58.56526797764798,0,0,0,0,"Atchison, Missouri, US",F,3/25/20 23:45,40-50
